Company Name,Website,City,Segment,What They Make,Revenue Band,Decision Maker,C1 Manufacturer,C2 India-based,C3 Differentiated,C4 Technical Decision-Maker,C5 Growing Sector,C6 Active Growth Signals,Overall Verdict,Personalization Hook
InnAccel Technologies,https://innaccel.com,Bengaluru,Medical Devices,Portable ICU systems,30-100 Cr,Dr. Sridhar Iyengar (Founder IIT/Stanford),Strong - Manufactures portable ICU devices in-house,Strong - India-based HQ and operations,Strong - Proprietary portable ICU platform,Strong - Technical founder with engineering background,Strong - Critical care infrastructure demand,Strong - Deployed across hospitals,Strong Fit - Founder-led ICU innovator,Strong Fit - Solving ICU access in infra-constrained hospitals
Panacea Medical Technologies,https://panaceamedical.com,Bengaluru,Medical Devices,Radiotherapy systems,100-300 Cr,Dr. B K Sahu (Founder nuclear scientist),Strong - Manufactures radiotherapy equipment,Strong - India-based manufacturing,Strong - Oncology radiotherapy specialization,Strong - Scientist founder leadership,Strong - Cancer treatment demand growth,Strong - Installed globally,Strong Fit - Oncology equipment manufacturer,Strong Fit - Competing globally in radiotherapy systems
Aindra Systems,https://aindra.in,Bengaluru,Medical Devices,AI pathology devices,<30 Cr,Saurabh Jain (Founder IIT),Strong - Develops diagnostic hardware devices,Strong - India-based startup,Strong - AI pathology diagnostics,Strong - IIT engineering founder,Strong - Diagnostics digitization trend,Strong - Clinical pilots,Strong Fit - Deep-tech diagnostics,Strong Fit - AI-based cancer screening innovation
Forus Health,https://forushealth.com,Bengaluru,Medical Devices,Ophthalmic screening devices,30-100 Cr,Dr. G S K Velu (Founder),Strong - Manufactures ophthalmic screening devices,Strong - India-based operations,Strong - AI retinal diagnostics,Strong - Medtech founder,Strong - Preventive healthcare growth,Strong - Large-scale deployments,Strong Fit - Ophthalmic diagnostics leader,Strong Fit - Scaled retinal screening deployments
Skanray Technologies,https://skanray.com,Bengaluru,Medical Devices,Patient monitoring systems,300-500 Cr,Naresh Reddy (Founder engineer),Strong - Owns manufacturing facilities,Strong - India-based operations,Strong - Multi-product medtech portfolio,Moderate - Engineering leadership involvement,Strong - Global medtech demand,Strong - Export expansion,Strong Fit - Scaled medtech player,Strong Fit - Expanding globally via acquisitions
Axio Biosolutions,https://axiobio.com,Bengaluru,Medical Devices,Wound care products,30-100 Cr,Srikanth Ananthakrishnan (Founder IIT),Strong - Manufactures hemostatic wound care products,Strong - India-based operations,Strong - Axiostat proprietary tech,Strong - IIT founder,Strong - Trauma care demand,Strong - Defence usage,Strong Fit - Wound care innovator,Strong Fit - Defence-grade trauma care product adoption
Perfint Healthcare,https://perfinthealthcare.com,Bengaluru,Medical Devices,Robotic oncology systems,<100 Cr,Nandakumar Narayanan (Founder engineer),Strong - Manufactures robotic oncology systems,Strong - India-based presence,Strong - Robotic cancer intervention tech,Strong - Engineering founder,Strong - Oncology tech demand,Strong - Hospital installations,Fit - Robotics niche player,Fit - Robotics adoption in specialized oncology hospitals
UE LifeSciences,https://uelifesciences.com,Bengaluru,Medical Devices,Breast cancer screening,<100 Cr,Founder (Engineering background),Strong - Manufactures screening devices,Strong - India-based operations,Strong - Portable cancer screening tech,Strong - Technical founder,Strong - Preventive healthcare demand,Strong - Program deployments,Strong Fit - Oncology screening innovator,Strong Fit - Portable screening for early detection
MedPrime Technologies,https://medprimetech.com,Bengaluru,Medical Devices,Digital microscopy,<100 Cr,Founder team (Pathologist Engineer),Strong - Manufactures microscopy devices,Strong - India-based operations,Strong - Digital pathology systems,Strong - Technical founding team,Strong - Pathology digitization trend,Strong - Lab adoption,Strong Fit - Pathology innovator,Strong Fit - Replacing traditional microscopes with digital systems
Achira Labs,https://achiralabs.com,Bengaluru,Diagnostics,Lab-on-chip diagnostics,<30 Cr,Dr. Ramesh Hariharan (Scientist),Strong - Manufactures diagnostic hardware devices,Strong - India-based startup,Strong - Lab-on-chip diagnostics tech,Strong - Scientist founder,Strong - Decentralized diagnostics growth,Strong - Pilot deployments,Fit - Early-stage deep tech,Fit - Rapid point-of-care diagnostics innovation
Cardiac Design Labs,https://cardiacdesignlabs.com,Bengaluru,Medical Devices,Cardiac monitoring,<100 Cr,Siddharth Sethi (Founder engineer),Strong - Manufactures ECG monitoring devices,Strong - India-based operations,Strong - Wearable cardiac tech,Strong - Engineering founder,Strong - Cardiac diagnostics demand,Strong - Clinical deployments,Strong Fit - Cardiac innovator,Strong Fit - Wearable ECG for preventive cardiology
Ten3T Healthcare,https://ten3t.com,Bengaluru,Medical Devices,ICU monitoring,<100 Cr,Dr. Ravi Kumar (Founder engineer),Strong - Manufactures ICU monitoring systems,Strong - India-based operations,Strong - Smart ICU integration,Strong - Technical founder,Strong - ICU digitization demand,Strong - Hospital deployments,Strong Fit - ICU tech player,Strong Fit - ICU workflow digitization systems
Sattva MedTech,https://sattvamedtech.com,Bengaluru,Medical Devices,Neonatal devices,<100 Cr,Founder team (Engineers),Strong - Manufactures neonatal devices,Strong - India-based operations,Strong - Affordable neonatal tech,Strong - Technical founders,Strong - Neonatal care demand,Strong - Emerging market deployment,Strong Fit - Neonatal innovator,Strong Fit - Low-cost neonatal care devices
Biomoneta Research,https://biomoneta.com,Bengaluru,Medical Devices,Air sterilization,<30 Cr,Dr. Anand Kumar (Scientist),Strong - Manufactures sterilization systems,Strong - India-based operations,Strong - Infection control tech,Strong - Scientist founder,Strong - Hospital demand,Strong - Installations,Strong Fit - Infection control player,Strong Fit - Hospital-grade air sterilization systems
Molbio Diagnostics,https://molbiodiagnostics.com,Bengaluru,Diagnostics,PCR systems,100-300 Cr,Sriram Natarajan (Biotech engineer),Strong - Manufactures PCR systems,Strong - India-based operations,Strong - Portable PCR tech,Strong - Technical founder,Strong - Molecular diagnostics growth,Strong - Global deployments,Strong Fit - Diagnostics leader,Strong Fit - Portable PCR for global testing
Trivitron Healthcare,https://trivitron.com,Bengaluru,Medical Devices,Diagnostic equipment,300-500 Cr,GSK Velu (Founder engineer),Strong - Manufactures diagnostic equipment,Strong - India-based operations,Moderate - Multi-product portfolio,Moderate - Leadership driven,Strong - Healthcare infra growth,Strong - Expansion,Fit - Large manufacturer,Fit - Scaling diagnostic manufacturing footprint
BPL Medical Technologies,https://bplmedicaltechnologies.com,Bengaluru,Medical Devices,ECG devices,300-500 Cr,Ajit Kumar (Engineering leadership),Strong - Manufactures ECG devices,Strong - India-based operations,Moderate - Established product portfolio,Moderate - Leadership team,Strong - Healthcare demand growth,Strong - Deployments,Fit - Legacy manufacturer,Fit - Established hospital ECG systems
CareNX Innovations,https://carenx.com,Bengaluru,Medical Devices,Neonatal monitoring,<30 Cr,Founder (Engineer),Strong - Manufactures neonatal monitoring devices,Strong - India-based operations,Strong - Remote monitoring tech,Strong - Technical founder,Strong - Neonatal demand,Strong - Early adoption,Fit - Niche startup,Fit - NICU remote monitoring solutions
Remidio Innovative Solutions,https://remidio.com,Bengaluru,Medical Devices,Ophthalmic devices,<100 Cr,Dr. Anand Sivaraman (Ophthalmologist),Strong - Manufactures ophthalmic devices,Strong - India-based operations,Strong - Smartphone diagnostics,Strong - Domain expert founder,Strong - Eye care demand,Strong - Global deployments,Strong Fit - Eye-tech leader,Strong Fit - Smartphone retinal imaging innovation
Tonbo Imaging,https://tonboimaging.com,Bengaluru,Industrial Imaging,Imaging systems,100-300 Cr,Ankit Kumar (Founder IIT),Strong - Manufactures imaging systems,Strong - India-based operations,Strong - Defence imaging tech,Strong - IIT founder,Strong - Defence demand,Strong - Contracts,Strong Fit - Imaging manufacturer,Strong Fit - Defence-grade imaging solutions
Vayyar Imaging India,https://vayyar.com,Bengaluru,Imaging Sensors,3D sensors,<100 Cr,Technical leadership,Moderate - Designs hardware with partners,Strong - India operations,Strong - 3D imaging tech,Moderate - Technical leadership,Strong - Smart sensing growth,Strong - Deployments,Borderline - Hybrid model,Borderline - Sensor tech with outsourced manufacturing
Nocca Robotics,https://noccarobotics.com,Bengaluru,Robotics,Automation systems,<30 Cr,Nikhil Jain (Founder engineer),Strong - Manufactures robotic systems,Strong - India-based operations,Strong - Robotics automation,Strong - Engineering founder,Strong - Robotics demand,Strong - Pilots,Fit - Robotics startup,Fit - Institutional automation deployment
FluxGen Engineering Technologies,https://fluxgen.com,Bengaluru,Industrial IoT,Water IoT,<30 Cr,Ganesh Shankar (Founder engineer),Strong - Builds hardware IoT devices,Strong - India-based operations,Strong - Smart water tech,Strong - Technical founder,Strong - Sustainability demand,Strong - Deployments,Strong Fit - IoT innovator,Strong Fit - Industrial water optimization
Detect Technologies,https://detecttechnologies.com,Bengaluru,Industrial Inspection,Inspection systems,<100 Cr,Founder team (Engineers),Moderate - Hardware and AI systems,Strong - India-based operations,Strong - Inspection tech,Strong - Engineering founders,Strong - Industry 4.0 growth,Strong - Deployments,Fit - Hybrid industrial tech,Fit - AI inspection systems
IdeaForge Technology,https://ideaforge.co.in,Bengaluru,Drone Manufacturing,Drones,300-500 Cr,Ankit Mehta (Founder IIT),Strong - Manufactures drones,Strong - India-based operations,Strong - UAV tech,Strong - IIT founder,Strong - Defense demand,Strong - Govt contracts,Strong Fit - Drone leader,Strong Fit - Defense drone manufacturing leader
